<pagescount>
	<total_html_pages>75</total_html_pages>
	<html>11</html>
	<img>144</img>
	<js>21</js>
	<css>8</css>
	<pdf>0</pdf>
	<xml>0</xml>
	<txt>0</txt>
	<fonts>25</fonts>
	<is_pretty_url>false</is_pretty_url>
	<is_ebn>false</is_ebn>
	<theme_name>WDO_theme</theme_name>
	<server_url_front_page>https://www.waybackmachinedownloader.com/website-downloader-online/scraping/files/live/holidaysbox.com_suryakant1991bhosale_gmail.com_zyhvbyjninx</server_url_front_page>
	<hosted_domain>hosted_domain</hosted_domain>
</pagescount>